{"stats":{"minecraft:picked_up":{"minecraft:crafting_table":5,"minecraft:acacia_log":3,"sophisticatedbackpacks:backpack":1,"minecraft:hay_block":12,"minecraft:bread":5,"minecraft:sugar_cane":19,"minecraft:melon_seeds":2,"minecraft:cobblestone":16},"minecraft:crafted":{"minecraft:stone_shovel":1,"minecraft:crafting_table":1,"minecraft:stick":12,"minecraft:stone_pickaxe":1,"minecraft:stone_sword":1,"minecraft:acacia_planks":12,"minecraft:stone_hoe":1,"minecraft:stone_axe":1,"minecraft:bread":36,"minecraft:wheat":108},"minecraft:custom":{"minecraft:time_since_rest":3572,"minecraft:sprint_one_cm":42873,"minecraft:damage_taken":250,"minecraft:walk_one_cm":15826,"minecraft:damage_dealt":90,"minecraft:swim_one_cm":6027,"minecraft:interact_with_crafting_table":4,"minecraft:fly_one_cm":71394,"minecraft:open_chest":1,"minecraft:crouch_one_cm":2774,"minecraft:play_time":12416,"minecraft:sneak_time":842,"minecraft:walk_under_water_one_cm":1425,"minecraft:jump":277,"minecraft:walk_on_water_one_cm":2567,"minecraft:time_since_death":12416,"minecraft:sleep_in_bed":1,"minecraft:total_world_time":12416,"minecraft:fall_one_cm":8610},"minecraft:used":{"minecraft:stone_sword":1,"minecraft:bread":6,"minecraft:stone_shovel":1,"minecraft:stone_pickaxe":14,"minecraft:stone_hoe":12,"minecraft:stone_axe":2,"minecraft:crafting_table":4,"alexsmobs:animal_dictionary":2},"minecraft:mined":{"minecraft:hay_block":12,"minecraft:crafting_table":3,"minecraft:grass":2,"minecraft:acacia_log":3,"minecraft:sand":1,"minecraft:stone":13,"minecraft:sugar_cane":7,"minecraft:wall_torch":1}},"DataVersion":3465}