{"stats":{"minecraft:killed_by":{"born_in_chaos_v1:scarlet_persecutor":1},"minecraft:picked_up":{"minecraft:crafting_table":2,"ecologics:walnut_log":3,"minecraft:smooth_sandstone":2,"minecraft:hay_block":16,"minecraft:mangrove_roots":4,"minecraft:coal":4,"minecraft:cobblestone":11},"minecraft:crafted":{"minecraft:oak_planks":256,"minecraft:crafting_table":2,"minecraft:stick":8,"minecraft:wooden_pickaxe":1,"ecologics:walnut_planks":12,"minecraft:stone_pickaxe":1,"minecraft:wooden_axe":1},"minecraft:custom":{"minecraft:time_since_rest":3194,"minecraft:sprint_one_cm":32800,"minecraft:damage_taken":260,"minecraft:walk_one_cm":21392,"minecraft:damage_dealt":52,"minecraft:interact_with_crafting_table":3,"minecraft:fly_one_cm":93376,"minecraft:open_chest":1,"minecraft:crouch_one_cm":1033,"minecraft:play_time":17387,"minecraft:deaths":1,"minecraft:bell_ring":2,"minecraft:sneak_time":596,"minecraft:jump":344,"minecraft:time_since_death":3830,"minecraft:interact_with_smoker":3,"minecraft:climb_one_cm":105,"minecraft:total_world_time":17387,"minecraft:fall_one_cm":10137},"minecraft:used":{"minecraft:wooden_axe":4,"minecraft:bread":2,"minecraft:stone_pickaxe":12,"minecraft:wooden_pickaxe":5,"minecraft:crafting_table":2,"alexsmobs:animal_dictionary":1},"minecraft:mined":{"minecraft:hay_block":16,"minecraft:mangrove_roots":5,"minecraft:smooth_sandstone":2,"minecraft:crafting_table":2,"minecraft:grass":1,"minecraft:coal_ore":4,"ecologics:walnut_leaves":1,"ecologics:walnut_log":3,"minecraft:stone":11}},"DataVersion":3465}