{"stats":{"minecraft:mined":{"minecraft:spruce_log":5,"minecraft:spruce_leaves":2},"minecraft:picked_up":{"minecraft:spruce_log":5,"minecraft:wheat_seeds":1},"minecraft:crafted":{"minecraft:spruce_planks":20},"minecraft:used":{"minecraft:wheat_seeds":1,"minecraft:potato":3,"minecraft:bread":2},"minecraft:custom":{"minecraft:jump":103,"minecraft:open_chest":5,"minecraft:time_since_rest":7430,"minecraft:crouch_one_cm":26,"minecraft:damage_dealt":34,"minecraft:play_one_minute":7430,"minecraft:leave_game":3,"minecraft:sprint_one_cm":7178,"minecraft:damage_taken":35,"minecraft:time_since_death":7430,"minecraft:walk_one_cm":10891,"minecraft:sneak_time":74,"minecraft:fall_one_cm":2357,"minecraft:fly_one_cm":24894}},"DataVersion":2586}