{"stats":{"minecraft:mined":{"minecraft:redstone_ore":14,"minecraft:iron_ore":10,"minecraft:spruce_log":5,"minecraft:andesite":35,"minecraft:granite":11,"minecraft:grass_block":1,"minecraft:coal_ore":51,"minecraft:dirt":1,"minecraft:spruce_leaves":2,"minecraft:lapis_ore":4,"minecraft:stone":798,"minecraft:gold_ore":4},"minecraft:dropped":{"supertools:shovelstone":1},"minecraft:picked_up":{"minecraft:andesite":16,"minecraft:torch":1,"minecraft:spruce_log":5,"minecraft:gold_ore":4,"minecraft:redstone":60,"minecraft:lapis_lazuli":23,"minecraft:dirt":1,"supertools:shovelstone":1,"minecraft:wheat_seeds":1,"minecraft:granite":9,"minecraft:iron_ore":7,"minecraft:coal":46,"minecraft:cobblestone":638},"minecraft:crafted":{"supertools:shovelstone":1,"minecraft:stone_shovel":9,"minecraft:crafting_table":1,"minecraft:spruce_planks":20,"minecraft:stick":32},"minecraft:used":{"minecraft:wheat_seeds":4,"minecraft:bread":2,"minecraft:stone_shovel":2,"minecraft:stone_hoe":1,"minecraft:torch":3,"supertools:hammeriron":120,"prefab:item_swift_blade_stone":1,"minecraft:crafting_table":1,"minecraft:oak_sapling":3,"minecraft:carrot":3,"supertools:hammerwood":5,"minecraft:potato":3},"minecraft:custom":{"minecraft:time_since_rest":20862,"minecraft:sprint_one_cm":20958,"minecraft:damage_taken":35,"minecraft:walk_one_cm":41839,"minecraft:drop":1,"minecraft:damage_dealt":34,"minecraft:interact_with_crafting_table":2,"minecraft:fly_one_cm":33612,"minecraft:open_chest":8,"minecraft:crouch_one_cm":395,"minecraft:play_one_minute":20862,"minecraft:sneak_time":170,"minecraft:jump":168,"minecraft:leave_game":4,"minecraft:time_since_death":20862,"minecraft:walk_on_water_one_cm":119,"minecraft:climb_one_cm":164,"minecraft:fall_one_cm":2775}},"DataVersion":2586}