{"stats":{"minecraft:killed_by":{"born_in_chaos_v1:scarlet_persecutor":1,"minecraft:spider":1},"minecraft:picked_up":{"minecraft:crafting_table":4,"ecologics:walnut_log":3,"born_in_chaos_v1:ethereal_spirit":3,"minecraft:acacia_log":4,"minecraft:sand":1,"minecraft:smooth_sandstone":2,"minecraft:bone":2,"minecraft:hay_block":16,"minecraft:mangrove_roots":4,"minecraft:mutton":4,"minecraft:coal":4,"minecraft:white_wool":2,"minecraft:cobblestone":21},"minecraft:crafted":{"minecraft:oak_planks":256,"minecraft:crafting_table":2,"minecraft:stick":12,"minecraft:wooden_pickaxe":1,"ecologics:walnut_planks":12,"minecraft:stone_pickaxe":1,"minecraft:wooden_axe":1,"minecraft:stone_sword":1,"minecraft:stone_axe":1,"minecraft:bread":50,"minecraft:wheat":144},"minecraft:killed":{"minecraft:sheep":2,"minecraft:skeleton":1,"born_in_chaos_v1:scarlet_persecutor":3},"minecraft:custom":{"minecraft:time_since_rest":3572,"minecraft:sprint_one_cm":54672,"minecraft:damage_taken":620,"minecraft:walk_one_cm":41388,"minecraft:mob_kills":6,"minecraft:drop":5,"minecraft:damage_dealt":1259,"minecraft:swim_one_cm":5272,"minecraft:interact_with_crafting_table":6,"minecraft:fly_one_cm":165481,"minecraft:open_chest":1,"minecraft:crouch_one_cm":1989,"minecraft:play_time":29195,"tombstone:undead_killed":1,"minecraft:deaths":2,"minecraft:bell_ring":2,"minecraft:sneak_time":936,"minecraft:walk_under_water_one_cm":3392,"minecraft:jump":638,"minecraft:leave_game":1,"minecraft:time_since_death":5605,"minecraft:walk_on_water_one_cm":5034,"minecraft:sleep_in_bed":1,"minecraft:total_world_time":29195,"minecraft:climb_one_cm":105,"minecraft:interact_with_smoker":3,"minecraft:fall_one_cm":19372},"minecraft:used":{"minecraft:wooden_axe":27,"minecraft:stone_sword":5,"minecraft:bread":5,"minecraft:stone_pickaxe":22,"minecraft:wooden_pickaxe":5,"minecraft:stone_axe":7,"minecraft:crafting_table":3,"alexsmobs:animal_dictionary":1},"minecraft:dropped":{"minecraft:bread":5,"minecraft:crafting_table":3,"minecraft:cobblestone":3,"sophisticatedbackpacks:backpack":1,"minecraft:acacia_log":4},"minecraft:mined":{"minecraft:hay_block":16,"minecraft:acacia_leaves":1,"minecraft:mangrove_roots":5,"minecraft:smooth_sandstone":2,"minecraft:crafting_table":3,"minecraft:grass":2,"minecraft:acacia_log":4,"minecraft:coal_ore":4,"ecologics:walnut_leaves":1,"ecologics:walnut_log":3,"minecraft:stone":21}},"DataVersion":3465}