{"stats":{"minecraft:picked_up":{"minecraft:mangrove_roots":4},"minecraft:custom":{"minecraft:jump":163,"minecraft:open_chest":1,"minecraft:time_since_rest":5387,"minecraft:bell_ring":2,"minecraft:crouch_one_cm":188,"minecraft:sprint_one_cm":17223,"minecraft:play_time":5387,"minecraft:time_since_death":5387,"minecraft:walk_one_cm":6883,"minecraft:interact_with_smoker":3,"minecraft:sneak_time":39,"minecraft:climb_one_cm":105,"minecraft:total_world_time":5387,"minecraft:fall_one_cm":5166,"minecraft:fly_one_cm":43300},"minecraft:used":{"alexsmobs:animal_dictionary":1},"minecraft:mined":{"minecraft:grass":1,"minecraft:mangrove_roots":5}},"DataVersion":3465}